score,best_copula,log_likelihood,original_kendall_tau,synthetic_kendall_tau,original_spearman_rho,synthetic_spearman_rho
environmentalScore,GaussianCopula,-2.2049029269055614e-13,-0.012755029600118697,-0.004057062967881666,-0.01957662131700009,-0.006192731487020661
socialScore,GaussianCopula,-2.3070434451710753e-13,-0.016384249020789037,-0.004047170467221082,-0.02574294182864296,-0.006189693106407389
governanceScore,ClaytonCopula,1.569803106471839,0.018970159242752516,0.01700973304561009,0.02778061809682935,0.025298779963663216
ESGScore,GaussianCopula,-2.401412402264214e-13,-0.008310289279570277,-0.004021432642356001,-0.012742760630710568,-0.006156177880289501
